{
  "completed_at": "2026-02-01T17:50:58.778180",
  "elapsed_seconds": 9.359975099563599,
  "summary": {
    "total": 10,
    "processed": 10,
    "succeeded": 0,
    "failed": 10,
    "no_data": 0,
    "total_facts": 0
  }
}